Player,Average (mid-season),Average (ASB),Average (end of season),Difference,End - ASB,End - mid-season
Giannis,0.583802931,0.719404926,0.675917775,0.135601996,-0.043487151,0.092114845
Harden,0.433168856,0.563916065,0.655787468,0.130747208,0.091871404,0.222618612
PG13,0.20434257,0.33227137,0.21874807,0.1279288,-0.1135233,0.0144055
KD,0.274897985,0.32966953,0.205603027,0.054771545,-0.124066502,-0.069294958
Curry,0.259862947,0.282256397,0.249704948,0.02239345,-0.032551448,-0.010157998
Jokic,0.32713117,0.32806136,0.254285008,0.00093019,-0.073776352,-0.072846162
Embiid,0.21972937,0.200242257,0.171848027,-0.019487113,-0.02839423,-0.047881343
Kawhi,0.282193823,0.23283058,0.195801335,-0.049363243,-0.037029245,-0.086392488
